{"cameraMode":{"drawMode":0,"name":"Shaded","section":"Shading Mode"},"sceneLighting":false,"audioPlay":false,"sceneViewState":{"m_AlwaysRefresh":false,"showFog":true,"showSkybox":false,"showFlares":true,"showImageEffects":true,"showParticleSystems":true,"showVisualEffectGraphs":true,"m_FxEnabled":true},"in2DMode":false,"pivot":{"x":0.2844683527946472,"y":-0.10691781342029572,"z":0.2808472812175751},"rotation":{"x":-0.20386677980422975,"y":-0.28537100553512576,"z":0.06225966289639473,"w":-0.9344176650047302},"size":0.4472137987613678,"orthographic":false}