{"cameraMode":{"drawMode":0,"name":"Shaded","section":"Shading Mode"},"sceneLighting":false,"audioPlay":false,"sceneViewState":{"m_AlwaysRefresh":false,"showFog":true,"showSkybox":false,"showFlares":true,"showImageEffects":true,"showParticleSystems":true,"showVisualEffectGraphs":true,"m_FxEnabled":true},"in2DMode":false,"pivot":{"x":0.36138874292373659,"y":-0.12632417678833009,"z":0.2099146842956543},"rotation":{"x":-0.21038419008255006,"y":-0.3440774381160736,"z":0.07940512895584107,"w":-0.9116215109825134},"size":0.4472137987613678,"orthographic":false}